filename,MBTI
enfj0_face.jpg,enfj
enfj101_face.jpg,enfj
enfj102_face.jpg,enfj
enfj103_face.jpg,enfj
enfj105_face.jpg,enfj
enfj106_face.jpg,enfj
enfj109_face.jpg,enfj
enfj113_face.jpg,enfj
enfj114_face.jpg,enfj
enfj115_face.jpg,enfj
enfj119_face.jpg,enfj
enfj11_face.jpg,enfj
enfj120_face.jpg,enfj
enfj121_face.jpg,enfj
enfj124_face.jpg,enfj
enfj127_face.jpg,enfj
enfj128_face.jpg,enfj
enfj12_face.jpg,enfj
enfj133_face.jpg,enfj
enfj135_face.jpg,enfj
enfj136_face.jpg,enfj
enfj137_face.jpg,enfj
enfj139_face.jpg,enfj
enfj13_face.jpg,enfj
enfj141_face.jpg,enfj
enfj142_face.jpg,enfj
enfj143_face.jpg,enfj
enfj144_face.jpg,enfj
enfj145_face.jpg,enfj
enfj146_face.jpg,enfj
enfj147_face.jpg,enfj
enfj148_face.jpg,enfj
enfj14_face.jpg,enfj
enfj150_face.jpg,enfj
enfj151_face.jpg,enfj
enfj155_face.jpg,enfj
enfj156_face.jpg,enfj
enfj159_face.jpg,enfj
enfj15_face.jpg,enfj
enfj160_face.jpg,enfj
enfj161_face.jpg,enfj
enfj162_face.jpg,enfj
enfj163_face.jpg,enfj
enfj166_face.jpg,enfj
enfj167_face.jpg,enfj
enfj168_face.jpg,enfj
enfj169_face.jpg,enfj
enfj16_face.jpg,enfj
enfj170_face.jpg,enfj
enfj174_face.jpg,enfj
enfj177_face.jpg,enfj
enfj179_face.jpg,enfj
enfj181_face.jpg,enfj
enfj182_face.jpg,enfj
enfj183_face.jpg,enfj
enfj184_face.jpg,enfj
enfj185_face.jpg,enfj
enfj186_face.jpg,enfj
enfj187_face.jpg,enfj
enfj188_face.jpg,enfj
enfj189_face.jpg,enfj
enfj18_face.jpg,enfj
enfj190_face.jpg,enfj
enfj191_face.jpg,enfj
enfj193_face.jpg,enfj
enfj196_face.jpg,enfj
enfj198_face.jpg,enfj
enfj199_face.jpg,enfj
enfj19_face.jpg,enfj
enfj1_face.jpg,enfj
enfj201_face.jpg,enfj
enfj202_face.jpg,enfj
enfj204_face.jpg,enfj
enfj205_face.jpg,enfj
enfj206_face.jpg,enfj
enfj207_face.jpg,enfj
enfj208_face.jpg,enfj
enfj20_face.jpg,enfj
enfj210_face.jpg,enfj
enfj211_face.jpg,enfj
enfj212_face.jpg,enfj
enfj213_face.jpg,enfj
enfj214_face.jpg,enfj
enfj215_face.jpg,enfj
enfj216_face.jpg,enfj
enfj217_face.jpg,enfj
enfj218_face.jpg,enfj
enfj219_face.jpg,enfj
enfj21_face.jpg,enfj
enfj222_face.jpg,enfj
enfj223_face.jpg,enfj
enfj226_face.jpg,enfj
enfj227_face.jpg,enfj
enfj22_face.jpg,enfj
enfj231_face.jpg,enfj
enfj232_face.jpg,enfj
enfj233_face.jpg,enfj
enfj235_face.jpg,enfj
enfj236_face.jpg,enfj
enfj237_face.jpg,enfj
enfj238_face.jpg,enfj
enfj239_face.jpg,enfj
enfj23_face.jpg,enfj
enfj240_face.jpg,enfj
enfj241_face.jpg,enfj
enfj242_face.jpg,enfj
enfj243_face.jpg,enfj
enfj245_face.jpg,enfj
enfj246_face.jpg,enfj
enfj247_face.jpg,enfj
enfj248_face.jpg,enfj
enfj24_face.jpg,enfj
enfj251_face.jpg,enfj
enfj252_face.jpg,enfj
enfj253_face.jpg,enfj
enfj254_face.jpg,enfj
enfj256_face.jpg,enfj
enfj257_face.jpg,enfj
enfj258_face.jpg,enfj
enfj25_face.jpg,enfj
enfj261_face.jpg,enfj
enfj262_face.jpg,enfj
enfj263_face.jpg,enfj
enfj266_face.jpg,enfj
enfj268_face.jpg,enfj
enfj26_face.jpg,enfj
enfj270_face.jpg,enfj
enfj271_face.jpg,enfj
enfj272_face.jpg,enfj
enfj273_face.jpg,enfj
enfj274_face.jpg,enfj
enfj276_face.jpg,enfj
enfj277_face.jpg,enfj
enfj27_face.jpg,enfj
enfj280_face.jpg,enfj
enfj281_face.jpg,enfj
enfj282_face.jpg,enfj
enfj283_face.jpg,enfj
enfj284_face.jpg,enfj
enfj285_face.jpg,enfj
enfj286_face.jpg,enfj
enfj287_face.jpg,enfj
enfj288_face.jpg,enfj
enfj289_face.jpg,enfj
enfj28_face.jpg,enfj
enfj290_face.jpg,enfj
enfj291_face.jpg,enfj
enfj292_face.jpg,enfj
enfj293_face.jpg,enfj
enfj294_face.jpg,enfj
enfj296_face.jpg,enfj
enfj297_face.jpg,enfj
enfj298_face.jpg,enfj
enfj299_face.jpg,enfj
enfj29_face.jpg,enfj
enfj2_face.jpg,enfj
enfj300_face.jpg,enfj
enfj302_face.jpg,enfj
enfj303_face.jpg,enfj
enfj304_face.jpg,enfj
enfj305_face.jpg,enfj
enfj306_face.jpg,enfj
enfj308_face.jpg,enfj
enfj30_face.jpg,enfj
enfj310_face.jpg,enfj
enfj311_face.jpg,enfj
enfj313_face.jpg,enfj
enfj314_face.jpg,enfj
enfj315_face.jpg,enfj
enfj316_face.jpg,enfj
enfj317_face.jpg,enfj
enfj318_face.jpg,enfj
enfj321_face.jpg,enfj
enfj322_face.jpg,enfj
enfj323_face.jpg,enfj
enfj324_face.jpg,enfj
enfj326_face.jpg,enfj
enfj327_face.jpg,enfj
enfj328_face.jpg,enfj
enfj329_face.jpg,enfj
enfj32_face.jpg,enfj
enfj330_face.jpg,enfj
enfj331_face.jpg,enfj
enfj332_face.jpg,enfj
enfj333_face.jpg,enfj
enfj334_face.jpg,enfj
enfj336_face.jpg,enfj
enfj337_face.jpg,enfj
enfj338_face.jpg,enfj
enfj339_face.jpg,enfj
enfj33_face.jpg,enfj
enfj340_face.jpg,enfj
enfj341_face.jpg,enfj
enfj342_face.jpg,enfj
enfj343_face.jpg,enfj
enfj347_face.jpg,enfj
enfj348_face.jpg,enfj
enfj34_face.jpg,enfj
enfj350_face.jpg,enfj
enfj351_face.jpg,enfj
enfj352_face.jpg,enfj
enfj353_face.jpg,enfj
enfj357_face.jpg,enfj
enfj359_face.jpg,enfj
enfj360_face.jpg,enfj
enfj362_face.jpg,enfj
enfj364_face.jpg,enfj
enfj365_face.jpg,enfj
enfj366_face.jpg,enfj
enfj369_face.jpg,enfj
enfj36_face.jpg,enfj
enfj371_face.jpg,enfj
enfj372_face.jpg,enfj
enfj375_face.jpg,enfj
enfj377_face.jpg,enfj
enfj379_face.jpg,enfj
enfj37_face.jpg,enfj
enfj380_face.jpg,enfj
enfj381_face.jpg,enfj
enfj388_face.jpg,enfj
enfj389_face.jpg,enfj
enfj38_face.jpg,enfj
enfj390_face.jpg,enfj
enfj391_face.jpg,enfj
enfj395_face.jpg,enfj
enfj396_face.jpg,enfj
enfj397_face.jpg,enfj
enfj399_face.jpg,enfj
enfj39_face.jpg,enfj
enfj400_face.jpg,enfj
enfj401_face.jpg,enfj
enfj402_face.jpg,enfj
enfj403_face.jpg,enfj
enfj405_face.jpg,enfj
enfj407_face.jpg,enfj
enfj408_face.jpg,enfj
enfj409_face.jpg,enfj
enfj40_face.jpg,enfj
enfj412_face.jpg,enfj
enfj413_face.jpg,enfj
enfj414_face.jpg,enfj
enfj415_face.jpg,enfj
enfj416_face.jpg,enfj
enfj417_face.jpg,enfj
enfj418_face.jpg,enfj
enfj419_face.jpg,enfj
enfj41_face.jpg,enfj
enfj421_face.jpg,enfj
enfj423_face.jpg,enfj
enfj425_face.jpg,enfj
enfj426_face.jpg,enfj
enfj427_face.jpg,enfj
enfj428_face.jpg,enfj
enfj429_face.jpg,enfj
enfj42_face.jpg,enfj
enfj430_face.jpg,enfj
enfj431_face.jpg,enfj
enfj432_face.jpg,enfj
enfj433_face.jpg,enfj
enfj434_face.jpg,enfj
enfj435_face.jpg,enfj
enfj436_face.jpg,enfj
enfj437_face.jpg,enfj
enfj438_face.jpg,enfj
enfj439_face.jpg,enfj
enfj440_face.jpg,enfj
enfj441_face.jpg,enfj
enfj444_face.jpg,enfj
enfj445_face.jpg,enfj
enfj447_face.jpg,enfj
enfj448_face.jpg,enfj
enfj44_face.jpg,enfj
enfj450_face.jpg,enfj
enfj451_face.jpg,enfj
enfj452_face.jpg,enfj
enfj453_face.jpg,enfj
enfj456_face.jpg,enfj
enfj45_face.jpg,enfj
enfj460_face.jpg,enfj
enfj462_face.jpg,enfj
enfj464_face.jpg,enfj
enfj466_face.jpg,enfj
enfj468_face.jpg,enfj
enfj46_face.jpg,enfj
enfj470_face.jpg,enfj
enfj471_face.jpg,enfj
enfj474_face.jpg,enfj
enfj476_face.jpg,enfj
enfj477_face.jpg,enfj
enfj478_face.jpg,enfj
enfj479_face.jpg,enfj
enfj47_face.jpg,enfj
enfj481_face.jpg,enfj
enfj483_face.jpg,enfj
enfj484_face.jpg,enfj
enfj485_face.jpg,enfj
enfj487_face.jpg,enfj
enfj488_face.jpg,enfj
enfj48_face.jpg,enfj
enfj491_face.jpg,enfj
enfj492_face.jpg,enfj
enfj493_face.jpg,enfj
enfj495_face.jpg,enfj
enfj496_face.jpg,enfj
enfj497_face.jpg,enfj
enfj499_face.jpg,enfj
enfj49_face.jpg,enfj
enfj4_face.jpg,enfj
enfj501_face.jpg,enfj
enfj503_face.jpg,enfj
enfj504_face.jpg,enfj
enfj505_face.jpg,enfj
enfj506_face.jpg,enfj
enfj507_face.jpg,enfj
enfj508_face.jpg,enfj
enfj50_face.jpg,enfj
enfj511_face.jpg,enfj
enfj512_face.jpg,enfj
enfj515_face.jpg,enfj
enfj516_face.jpg,enfj
enfj517_face.jpg,enfj
enfj519_face.jpg,enfj
enfj51_face.jpg,enfj
enfj521_face.jpg,enfj
enfj525_face.jpg,enfj
enfj526_face.jpg,enfj
enfj527_face.jpg,enfj
enfj528_face.jpg,enfj
enfj529_face.jpg,enfj
enfj52_face.jpg,enfj
enfj530_face.jpg,enfj
enfj531_face.jpg,enfj
enfj532_face.jpg,enfj
enfj533_face.jpg,enfj
enfj534_face.jpg,enfj
enfj536_face.jpg,enfj
enfj537_face.jpg,enfj
enfj538_face.jpg,enfj
enfj540_face.jpg,enfj
enfj542_face.jpg,enfj
enfj545_face.jpg,enfj
enfj547_face.jpg,enfj
enfj54_face.jpg,enfj
enfj551_face.jpg,enfj
enfj553_face.jpg,enfj
enfj554_face.jpg,enfj
enfj555_face.jpg,enfj
enfj556_face.jpg,enfj
enfj558_face.jpg,enfj
enfj559_face.jpg,enfj
enfj560_face.jpg,enfj
enfj561_face.jpg,enfj
enfj562_face.jpg,enfj
enfj564_face.jpg,enfj
enfj565_face.jpg,enfj
enfj566_face.jpg,enfj
enfj569_face.jpg,enfj
enfj56_face.jpg,enfj
enfj571_face.jpg,enfj
enfj572_face.jpg,enfj
enfj573_face.jpg,enfj
enfj574_face.jpg,enfj
enfj576_face.jpg,enfj
enfj577_face.jpg,enfj
enfj578_face.jpg,enfj
enfj579_face.jpg,enfj
enfj57_face.jpg,enfj
enfj580_face.jpg,enfj
enfj581_face.jpg,enfj
enfj582_face.jpg,enfj
enfj583_face.jpg,enfj
enfj584_face.jpg,enfj
enfj586_face.jpg,enfj
enfj587_face.jpg,enfj
enfj588_face.jpg,enfj
enfj589_face.jpg,enfj
enfj58_face.jpg,enfj
enfj590_face.jpg,enfj
enfj591_face.jpg,enfj
enfj592_face.jpg,enfj
enfj594_face.jpg,enfj
enfj596_face.jpg,enfj
enfj597_face.jpg,enfj
enfj598_face.jpg,enfj
enfj599_face.jpg,enfj
enfj5_face.jpg,enfj
enfj601_face.jpg,enfj
enfj602_face.jpg,enfj
enfj603_face.jpg,enfj
enfj604_face.jpg,enfj
enfj605_face.jpg,enfj
enfj607_face.jpg,enfj
enfj608_face.jpg,enfj
enfj609_face.jpg,enfj
enfj60_face.jpg,enfj
enfj611_face.jpg,enfj
enfj613_face.jpg,enfj
enfj61_face.jpg,enfj
enfj62_face.jpg,enfj
enfj64_face.jpg,enfj
enfj66_face.jpg,enfj
enfj69_face.jpg,enfj
enfj6_face.jpg,enfj
enfj71_face.jpg,enfj
enfj73_face.jpg,enfj
enfj74_face.jpg,enfj
enfj75_face.jpg,enfj
enfj79_face.jpg,enfj
enfj7_face.jpg,enfj
enfj80_face.jpg,enfj
enfj81_face.jpg,enfj
enfj83_face.jpg,enfj
enfj85_face.jpg,enfj
enfj86_face.jpg,enfj
enfj87_face.jpg,enfj
enfj8_face.jpg,enfj
enfj91_face.jpg,enfj
enfj95_face.jpg,enfj
enfj98_face.jpg,enfj
enfj99_face.jpg,enfj
enfj9_face.jpg,enfj
enfp0_face.jpg,enfp
enfp100_face.jpg,enfp
enfp101_face.jpg,enfp
enfp102_face.jpg,enfp
enfp103_face.jpg,enfp
enfp104_face.jpg,enfp
enfp105_face.jpg,enfp
enfp106_face.jpg,enfp
enfp107_face.jpg,enfp
enfp108_face.jpg,enfp
enfp109_face.jpg,enfp
enfp10_face.jpg,enfp
enfp110_face.jpg,enfp
enfp111_face.jpg,enfp
enfp112_face.jpg,enfp
enfp113_face.jpg,enfp
enfp115_face.jpg,enfp
enfp117_face.jpg,enfp
enfp118_face.jpg,enfp
enfp119_face.jpg,enfp
enfp11_face.jpg,enfp
enfp121_face.jpg,enfp
enfp122_face.jpg,enfp
enfp123_face.jpg,enfp
enfp124_face.jpg,enfp
enfp125_face.jpg,enfp
enfp126_face.jpg,enfp
enfp127_face.jpg,enfp
enfp129_face.jpg,enfp
enfp12_face.jpg,enfp
enfp130_face.jpg,enfp
enfp131_face.jpg,enfp
enfp133_face.jpg,enfp
enfp134_face.jpg,enfp
enfp136_face.jpg,enfp
enfp137_face.jpg,enfp
enfp138_face.jpg,enfp
enfp139_face.jpg,enfp
enfp13_face.jpg,enfp
enfp140_face.jpg,enfp
enfp141_face.jpg,enfp
enfp142_face.jpg,enfp
enfp143_face.jpg,enfp
enfp144_face.jpg,enfp
enfp145_face.jpg,enfp
enfp147_face.jpg,enfp
enfp148_face.jpg,enfp
enfp149_face.jpg,enfp
enfp14_face.jpg,enfp
enfp150_face.jpg,enfp
enfp151_face.jpg,enfp
enfp152_face.jpg,enfp
enfp153_face.jpg,enfp
enfp154_face.jpg,enfp
enfp155_face.jpg,enfp
enfp156_face.jpg,enfp
enfp157_face.jpg,enfp
enfp158_face.jpg,enfp
enfp159_face.jpg,enfp
enfp15_face.jpg,enfp
enfp160_face.jpg,enfp
enfp161_face.jpg,enfp
enfp162_face.jpg,enfp
enfp163_face.jpg,enfp
enfp164_face.jpg,enfp
enfp165_face.jpg,enfp
enfp166_face.jpg,enfp
enfp168_face.jpg,enfp
enfp16_face.jpg,enfp
enfp170_face.jpg,enfp
enfp173_face.jpg,enfp
enfp175_face.jpg,enfp
enfp176_face.jpg,enfp
enfp18_face.jpg,enfp
enfp19_face.jpg,enfp
enfp1_face.jpg,enfp
enfp20_face.jpg,enfp
enfp21_face.jpg,enfp
enfp22_face.jpg,enfp
enfp24_face.jpg,enfp
enfp25_face.jpg,enfp
enfp26_face.jpg,enfp
enfp28_face.jpg,enfp
enfp29_face.jpg,enfp
enfp2_face.jpg,enfp
enfp30_face.jpg,enfp
enfp31_face.jpg,enfp
enfp32_face.jpg,enfp
enfp33_face.jpg,enfp
enfp34_face.jpg,enfp
enfp35_face.jpg,enfp
enfp37_face.jpg,enfp
enfp39_face.jpg,enfp
enfp3_face.jpg,enfp
enfp40_face.jpg,enfp
enfp43_face.jpg,enfp
enfp45_face.jpg,enfp
enfp46_face.jpg,enfp
enfp48_face.jpg,enfp
enfp49_face.jpg,enfp
enfp4_face.jpg,enfp
enfp50_face.jpg,enfp
enfp51_face.jpg,enfp
enfp53_face.jpg,enfp
enfp55_face.jpg,enfp
enfp57_face.jpg,enfp
enfp58_face.jpg,enfp
enfp59_face.jpg,enfp
enfp5_face.jpg,enfp
enfp60_face.jpg,enfp
enfp61_face.jpg,enfp
enfp62_face.jpg,enfp
enfp63_face.jpg,enfp
enfp64_face.jpg,enfp
enfp65_face.jpg,enfp
enfp66_face.jpg,enfp
enfp68_face.jpg,enfp
enfp69_face.jpg,enfp
enfp6_face.jpg,enfp
enfp70_face.jpg,enfp
enfp71_face.jpg,enfp
enfp72_face.jpg,enfp
enfp73_face.jpg,enfp
enfp74_face.jpg,enfp
enfp75_face.jpg,enfp
enfp76_face.jpg,enfp
enfp77_face.jpg,enfp
enfp7_face.jpg,enfp
enfp80_face.jpg,enfp
enfp81_face.jpg,enfp
enfp82_face.jpg,enfp
enfp83_face.jpg,enfp
enfp84_face.jpg,enfp
enfp86_face.jpg,enfp
enfp87_face.jpg,enfp
enfp88_face.jpg,enfp
enfp89_face.jpg,enfp
enfp8_face.jpg,enfp
enfp90_face.jpg,enfp
enfp91_face.jpg,enfp
enfp92_face.jpg,enfp
enfp95_face.jpg,enfp
enfp96_face.jpg,enfp
enfp97_face.jpg,enfp
enfp99_face.jpg,enfp
enfp9_face.jpg,enfp
entj100_face.jpg,entj
entj103_face.jpg,entj
entj104_face.jpg,entj
entj105_face.jpg,entj
entj106_face.jpg,entj
entj107_face.jpg,entj
entj108_face.jpg,entj
entj109_face.jpg,entj
entj10_face.jpg,entj
entj110_face.jpg,entj
entj111_face.jpg,entj
entj112_face.jpg,entj
entj113_face.jpg,entj
entj114_face.jpg,entj
entj115_face.jpg,entj
entj116_face.jpg,entj
entj117_face.jpg,entj
entj118_face.jpg,entj
entj119_face.jpg,entj
entj11_face.jpg,entj
entj122_face.jpg,entj
entj124_face.jpg,entj
entj127_face.jpg,entj
entj128_face.jpg,entj
entj12_face.jpg,entj
entj131_face.jpg,entj
entj135_face.jpg,entj
entj138_face.jpg,entj
entj140_face.jpg,entj
entj142_face.jpg,entj
entj143_face.jpg,entj
entj144_face.jpg,entj
entj147_face.jpg,entj
entj149_face.jpg,entj
entj150_face.jpg,entj
entj156_face.jpg,entj
entj157_face.jpg,entj
entj158_face.jpg,entj
entj15_face.jpg,entj
entj160_face.jpg,entj
entj162_face.jpg,entj
entj164_face.jpg,entj
entj168_face.jpg,entj
entj169_face.jpg,entj
entj170_face.jpg,entj
entj171_face.jpg,entj
entj172_face.jpg,entj
entj174_face.jpg,entj
entj177_face.jpg,entj
entj180_face.jpg,entj
entj182_face.jpg,entj
entj183_face.jpg,entj
entj184_face.jpg,entj
entj185_face.jpg,entj
entj187_face.jpg,entj
entj188_face.jpg,entj
entj189_face.jpg,entj
entj18_face.jpg,entj
entj191_face.jpg,entj
entj194_face.jpg,entj
entj196_face.jpg,entj
entj197_face.jpg,entj
entj198_face.jpg,entj
entj199_face.jpg,entj
entj19_face.jpg,entj
entj201_face.jpg,entj
entj202_face.jpg,entj
entj203_face.jpg,entj
entj204_face.jpg,entj
entj207_face.jpg,entj
entj209_face.jpg,entj
entj20_face.jpg,entj
entj210_face.jpg,entj
entj211_face.jpg,entj
entj212_face.jpg,entj
entj213_face.jpg,entj
entj214_face.jpg,entj
entj215_face.jpg,entj
entj217_face.jpg,entj
entj21_face.jpg,entj
entj220_face.jpg,entj
entj222_face.jpg,entj
entj223_face.jpg,entj
entj224_face.jpg,entj
entj225_face.jpg,entj
entj228_face.jpg,entj
entj229_face.jpg,entj
entj22_face.jpg,entj
entj230_face.jpg,entj
entj231_face.jpg,entj
entj232_face.jpg,entj
entj233_face.jpg,entj
entj234_face.jpg,entj
entj235_face.jpg,entj
entj237_face.jpg,entj
entj238_face.jpg,entj
entj239_face.jpg,entj
entj23_face.jpg,entj
entj241_face.jpg,entj
entj242_face.jpg,entj
entj243_face.jpg,entj
entj244_face.jpg,entj
entj245_face.jpg,entj
entj247_face.jpg,entj
entj248_face.jpg,entj
entj249_face.jpg,entj
entj250_face.jpg,entj
entj251_face.jpg,entj
entj252_face.jpg,entj
entj253_face.jpg,entj
entj255_face.jpg,entj
entj256_face.jpg,entj
entj257_face.jpg,entj
entj259_face.jpg,entj
entj25_face.jpg,entj
entj260_face.jpg,entj
entj263_face.jpg,entj
entj264_face.jpg,entj
entj265_face.jpg,entj
entj268_face.jpg,entj
entj269_face.jpg,entj
entj26_face.jpg,entj
entj270_face.jpg,entj
entj271_face.jpg,entj
entj273_face.jpg,entj
entj274_face.jpg,entj
entj276_face.jpg,entj
entj277_face.jpg,entj
entj278_face.jpg,entj
entj279_face.jpg,entj
entj280_face.jpg,entj
entj283_face.jpg,entj
entj284_face.jpg,entj
entj285_face.jpg,entj
entj286_face.jpg,entj
entj287_face.jpg,entj
entj288_face.jpg,entj
entj289_face.jpg,entj
entj28_face.jpg,entj
entj291_face.jpg,entj
entj292_face.jpg,entj
entj293_face.jpg,entj
entj295_face.jpg,entj
entj296_face.jpg,entj
entj297_face.jpg,entj
entj298_face.jpg,entj
entj299_face.jpg,entj
entj2_face.jpg,entj
entj300_face.jpg,entj
entj301_face.jpg,entj
entj302_face.jpg,entj
entj304_face.jpg,entj
entj307_face.jpg,entj
entj308_face.jpg,entj
entj309_face.jpg,entj
entj30_face.jpg,entj
entj310_face.jpg,entj
entj312_face.jpg,entj
entj313_face.jpg,entj
entj316_face.jpg,entj
entj317_face.jpg,entj
entj31_face.jpg,entj
entj320_face.jpg,entj
entj321_face.jpg,entj
entj322_face.jpg,entj
entj323_face.jpg,entj
entj324_face.jpg,entj
entj325_face.jpg,entj
entj326_face.jpg,entj
entj328_face.jpg,entj
entj329_face.jpg,entj
entj32_face.jpg,entj
entj330_face.jpg,entj
entj331_face.jpg,entj
entj332_face.jpg,entj
entj334_face.jpg,entj
entj335_face.jpg,entj
entj33_face.jpg,entj
entj340_face.jpg,entj
entj343_face.jpg,entj
entj345_face.jpg,entj
entj346_face.jpg,entj
entj347_face.jpg,entj
entj348_face.jpg,entj
entj34_face.jpg,entj
entj350_face.jpg,entj
entj353_face.jpg,entj
entj354_face.jpg,entj
entj365_face.jpg,entj
entj366_face.jpg,entj
entj367_face.jpg,entj
entj369_face.jpg,entj
entj36_face.jpg,entj
entj370_face.jpg,entj
entj372_face.jpg,entj
entj374_face.jpg,entj
entj376_face.jpg,entj
entj377_face.jpg,entj
entj379_face.jpg,entj
entj37_face.jpg,entj
entj380_face.jpg,entj
entj381_face.jpg,entj
entj382_face.jpg,entj
entj383_face.jpg,entj
entj38_face.jpg,entj
entj3_face.jpg,entj
entj405_face.jpg,entj
entj40_face.jpg,entj
entj412_face.jpg,entj
entj413_face.jpg,entj
entj414_face.jpg,entj
entj415_face.jpg,entj
entj416_face.jpg,entj
entj417_face.jpg,entj
entj418_face.jpg,entj
entj419_face.jpg,entj
entj421_face.jpg,entj
entj422_face.jpg,entj
entj423_face.jpg,entj
entj424_face.jpg,entj
entj425_face.jpg,entj
entj42_face.jpg,entj
entj433_face.jpg,entj
entj434_face.jpg,entj
entj435_face.jpg,entj
entj436_face.jpg,entj
entj43_face.jpg,entj
entj44_face.jpg,entj
entj45_face.jpg,entj
entj46_face.jpg,entj
entj47_face.jpg,entj
entj49_face.jpg,entj
entj4_face.jpg,entj
entj50_face.jpg,entj
entj52_face.jpg,entj
entj53_face.jpg,entj
entj54_face.jpg,entj
entj55_face.jpg,entj
entj56_face.jpg,entj
entj58_face.jpg,entj
entj59_face.jpg,entj
entj5_face.jpg,entj
entj60_face.jpg,entj
entj61_face.jpg,entj
entj62_face.jpg,entj
entj64_face.jpg,entj
entj65_face.jpg,entj
entj66_face.jpg,entj
entj67_face.jpg,entj
entj6_face.jpg,entj
entj70_face.jpg,entj
entj71_face.jpg,entj
entj75_face.jpg,entj
entj77_face.jpg,entj
entj78_face.jpg,entj
entj79_face.jpg,entj
entj81_face.jpg,entj
entj82_face.jpg,entj
entj83_face.jpg,entj
entj84_face.jpg,entj
entj86_face.jpg,entj
entj8_face.jpg,entj
entj90_face.jpg,entj
entj91_face.jpg,entj
entj94_face.jpg,entj
entj95_face.jpg,entj
entj96_face.jpg,entj
entj97_face.jpg,entj
entj98_face.jpg,entj
entj99_face.jpg,entj
entj9_face.jpg,entj
entp0_face.jpg,entp
entp102_face.jpg,entp
entp104_face.jpg,entp
entp105_face.jpg,entp
entp106_face.jpg,entp
entp107_face.jpg,entp
entp108_face.jpg,entp
entp10_face.jpg,entp
entp111_face.jpg,entp
entp112_face.jpg,entp
entp114_face.jpg,entp
entp115_face.jpg,entp
entp117_face.jpg,entp
entp119_face.jpg,entp
entp11_face.jpg,entp
entp120_face.jpg,entp
entp121_face.jpg,entp
entp122_face.jpg,entp
entp123_face.jpg,entp
entp126_face.jpg,entp
entp127_face.jpg,entp
entp128_face.jpg,entp
entp129_face.jpg,entp
entp136_face.jpg,entp
entp137_face.jpg,entp
entp138_face.jpg,entp
entp139_face.jpg,entp
entp13_face.jpg,entp
entp140_face.jpg,entp
entp143_face.jpg,entp
entp144_face.jpg,entp
entp145_face.jpg,entp
entp146_face.jpg,entp
entp148_face.jpg,entp
entp149_face.jpg,entp
entp14_face.jpg,entp
entp151_face.jpg,entp
entp154_face.jpg,entp
entp158_face.jpg,entp
entp15_face.jpg,entp
entp160_face.jpg,entp
entp161_face.jpg,entp
entp163_face.jpg,entp
entp164_face.jpg,entp
entp165_face.jpg,entp
entp166_face.jpg,entp
entp167_face.jpg,entp
entp169_face.jpg,entp
entp170_face.jpg,entp
entp17_face.jpg,entp
entp19_face.jpg,entp
entp1_face.jpg,entp
entp20_face.jpg,entp
entp21_face.jpg,entp
entp23_face.jpg,entp
entp24_face.jpg,entp
entp25_face.jpg,entp
entp27_face.jpg,entp
entp28_face.jpg,entp
entp29_face.jpg,entp
entp2_face.jpg,entp
entp30_face.jpg,entp
entp34_face.jpg,entp
entp36_face.jpg,entp
entp37_face.jpg,entp
entp38_face.jpg,entp
entp39_face.jpg,entp
entp3_face.jpg,entp
entp40_face.jpg,entp
entp41_face.jpg,entp
entp42_face.jpg,entp
entp43_face.jpg,entp
entp44_face.jpg,entp
entp45_face.jpg,entp
entp46_face.jpg,entp
entp48_face.jpg,entp
entp49_face.jpg,entp
entp50_face.jpg,entp
entp52_face.jpg,entp
entp53_face.jpg,entp
entp54_face.jpg,entp
entp55_face.jpg,entp
entp57_face.jpg,entp
entp58_face.jpg,entp
entp59_face.jpg,entp
entp5_face.jpg,entp
entp60_face.jpg,entp
entp61_face.jpg,entp
entp62_face.jpg,entp
entp63_face.jpg,entp
entp64_face.jpg,entp
entp65_face.jpg,entp
entp67_face.jpg,entp
entp6_face.jpg,entp
entp70_face.jpg,entp
entp73_face.jpg,entp
entp75_face.jpg,entp
entp77_face.jpg,entp
entp78_face.jpg,entp
entp7_face.jpg,entp
entp80_face.jpg,entp
entp81_face.jpg,entp
entp82_face.jpg,entp
entp84_face.jpg,entp
entp85_face.jpg,entp
entp86_face.jpg,entp
entp88_face.jpg,entp
entp89_face.jpg,entp
entp90_face.jpg,entp
entp91_face.jpg,entp
entp92_face.jpg,entp
entp93_face.jpg,entp
entp95_face.jpg,entp
entp96_face.jpg,entp
entp97_face.jpg,entp
entp98_face.jpg,entp
entp99_face.jpg,entp
entp9_face.jpg,entp
esfj0_face.jpg,esfj
esfj100_face.jpg,esfj
esfj101_face.jpg,esfj
esfj102_face.jpg,esfj
esfj103_face.jpg,esfj
esfj104_face.jpg,esfj
esfj105_face.jpg,esfj
esfj106_face.jpg,esfj
esfj107_face.jpg,esfj
esfj108_face.jpg,esfj
esfj109_face.jpg,esfj
esfj10_face.jpg,esfj
esfj110_face.jpg,esfj
esfj111_face.jpg,esfj
esfj112_face.jpg,esfj
esfj114_face.jpg,esfj
esfj115_face.jpg,esfj
esfj116_face.jpg,esfj
esfj117_face.jpg,esfj
esfj118_face.jpg,esfj
esfj119_face.jpg,esfj
esfj11_face.jpg,esfj
esfj120_face.jpg,esfj
esfj121_face.jpg,esfj
esfj127_face.jpg,esfj
esfj128_face.jpg,esfj
esfj12_face.jpg,esfj
esfj130_face.jpg,esfj
esfj132_face.jpg,esfj
esfj133_face.jpg,esfj
esfj134_face.jpg,esfj
esfj136_face.jpg,esfj
esfj138_face.jpg,esfj
esfj139_face.jpg,esfj
esfj13_face.jpg,esfj
esfj141_face.jpg,esfj
esfj144_face.jpg,esfj
esfj145_face.jpg,esfj
esfj147_face.jpg,esfj
esfj14_face.jpg,esfj
esfj150_face.jpg,esfj
esfj151_face.jpg,esfj
esfj155_face.jpg,esfj
esfj157_face.jpg,esfj
esfj159_face.jpg,esfj
esfj15_face.jpg,esfj
esfj161_face.jpg,esfj
esfj162_face.jpg,esfj
esfj163_face.jpg,esfj
esfj164_face.jpg,esfj
esfj165_face.jpg,esfj
esfj166_face.jpg,esfj
esfj167_face.jpg,esfj
esfj169_face.jpg,esfj
esfj16_face.jpg,esfj
esfj170_face.jpg,esfj
esfj171_face.jpg,esfj
esfj172_face.jpg,esfj
esfj175_face.jpg,esfj
esfj176_face.jpg,esfj
esfj177_face.jpg,esfj
esfj178_face.jpg,esfj
esfj179_face.jpg,esfj
esfj17_face.jpg,esfj
esfj181_face.jpg,esfj
esfj182_face.jpg,esfj
esfj183_face.jpg,esfj
esfj184_face.jpg,esfj
esfj185_face.jpg,esfj
esfj186_face.jpg,esfj
esfj188_face.jpg,esfj
esfj18_face.jpg,esfj
esfj190_face.jpg,esfj
esfj193_face.jpg,esfj
esfj194_face.jpg,esfj
esfj195_face.jpg,esfj
esfj196_face.jpg,esfj
esfj198_face.jpg,esfj
esfj19_face.jpg,esfj
esfj1_face.jpg,esfj
esfj200_face.jpg,esfj
esfj201_face.jpg,esfj
esfj202_face.jpg,esfj
esfj203_face.jpg,esfj
esfj205_face.jpg,esfj
esfj206_face.jpg,esfj
esfj207_face.jpg,esfj
esfj208_face.jpg,esfj
esfj209_face.jpg,esfj
esfj20_face.jpg,esfj
esfj210_face.jpg,esfj
esfj211_face.jpg,esfj
esfj212_face.jpg,esfj
esfj213_face.jpg,esfj
esfj214_face.jpg,esfj
esfj215_face.jpg,esfj
esfj216_face.jpg,esfj
esfj217_face.jpg,esfj
esfj218_face.jpg,esfj
esfj219_face.jpg,esfj
esfj21_face.jpg,esfj
esfj220_face.jpg,esfj
esfj221_face.jpg,esfj
esfj223_face.jpg,esfj
esfj224_face.jpg,esfj
esfj225_face.jpg,esfj
esfj226_face.jpg,esfj
esfj227_face.jpg,esfj
esfj229_face.jpg,esfj
esfj22_face.jpg,esfj
esfj230_face.jpg,esfj
esfj231_face.jpg,esfj
esfj232_face.jpg,esfj
esfj233_face.jpg,esfj
esfj235_face.jpg,esfj
esfj236_face.jpg,esfj
esfj237_face.jpg,esfj
esfj239_face.jpg,esfj
esfj23_face.jpg,esfj
esfj240_face.jpg,esfj
esfj241_face.jpg,esfj
esfj242_face.jpg,esfj
esfj244_face.jpg,esfj
esfj245_face.jpg,esfj
esfj246_face.jpg,esfj
esfj247_face.jpg,esfj
esfj248_face.jpg,esfj
esfj24_face.jpg,esfj
esfj250_face.jpg,esfj
esfj251_face.jpg,esfj
esfj252_face.jpg,esfj
esfj253_face.jpg,esfj
esfj254_face.jpg,esfj
esfj25_face.jpg,esfj
esfj26_face.jpg,esfj
esfj27_face.jpg,esfj
esfj28_face.jpg,esfj
esfj29_face.jpg,esfj
esfj2_face.jpg,esfj
esfj30_face.jpg,esfj
esfj32_face.jpg,esfj
esfj33_face.jpg,esfj
esfj34_face.jpg,esfj
esfj35_face.jpg,esfj
esfj37_face.jpg,esfj
esfj38_face.jpg,esfj
esfj39_face.jpg,esfj
esfj3_face.jpg,esfj
esfj41_face.jpg,esfj
esfj43_face.jpg,esfj
esfj44_face.jpg,esfj
esfj45_face.jpg,esfj
esfj47_face.jpg,esfj
esfj48_face.jpg,esfj
esfj49_face.jpg,esfj
esfj4_face.jpg,esfj
esfj51_face.jpg,esfj
esfj54_face.jpg,esfj
esfj55_face.jpg,esfj
esfj57_face.jpg,esfj
esfj58_face.jpg,esfj
esfj59_face.jpg,esfj
esfj5_face.jpg,esfj
esfj60_face.jpg,esfj
esfj61_face.jpg,esfj
esfj62_face.jpg,esfj
esfj63_face.jpg,esfj
esfj66_face.jpg,esfj
esfj67_face.jpg,esfj
esfj68_face.jpg,esfj
esfj69_face.jpg,esfj
esfj6_face.jpg,esfj
esfj70_face.jpg,esfj
esfj71_face.jpg,esfj
esfj73_face.jpg,esfj
esfj74_face.jpg,esfj
esfj75_face.jpg,esfj
esfj76_face.jpg,esfj
esfj79_face.jpg,esfj
esfj7_face.jpg,esfj
esfj81_face.jpg,esfj
esfj83_face.jpg,esfj
esfj84_face.jpg,esfj
esfj85_face.jpg,esfj
esfj86_face.jpg,esfj
esfj87_face.jpg,esfj
esfj88_face.jpg,esfj
esfj89_face.jpg,esfj
esfj8_face.jpg,esfj
esfj90_face.jpg,esfj
esfj91_face.jpg,esfj
esfj92_face.jpg,esfj
esfj93_face.jpg,esfj
esfj94_face.jpg,esfj
esfj95_face.jpg,esfj
esfj96_face.jpg,esfj
esfj98_face.jpg,esfj
esfj99_face.jpg,esfj
esfj9_face.jpg,esfj
esfp0_face.jpg,esfp
esfp100_face.jpg,esfp
esfp101_face.jpg,esfp
esfp104_face.jpg,esfp
esfp105_face.jpg,esfp
esfp106_face.jpg,esfp
esfp107_face.jpg,esfp
esfp108_face.jpg,esfp
esfp109_face.jpg,esfp
esfp10_face.jpg,esfp
esfp111_face.jpg,esfp
esfp112_face.jpg,esfp
esfp113_face.jpg,esfp
esfp114_face.jpg,esfp
esfp115_face.jpg,esfp
esfp116_face.jpg,esfp
esfp117_face.jpg,esfp
esfp118_face.jpg,esfp
esfp119_face.jpg,esfp
esfp11_face.jpg,esfp
esfp121_face.jpg,esfp
esfp122_face.jpg,esfp
esfp123_face.jpg,esfp
esfp125_face.jpg,esfp
esfp126_face.jpg,esfp
esfp128_face.jpg,esfp
esfp129_face.jpg,esfp
esfp12_face.jpg,esfp
esfp130_face.jpg,esfp
esfp131_face.jpg,esfp
esfp132_face.jpg,esfp
esfp133_face.jpg,esfp
esfp134_face.jpg,esfp
esfp135_face.jpg,esfp
esfp136_face.jpg,esfp
esfp137_face.jpg,esfp
esfp138_face.jpg,esfp
esfp139_face.jpg,esfp
esfp13_face.jpg,esfp
esfp140_face.jpg,esfp
esfp142_face.jpg,esfp
esfp145_face.jpg,esfp
esfp147_face.jpg,esfp
esfp148_face.jpg,esfp
esfp149_face.jpg,esfp
esfp14_face.jpg,esfp
esfp150_face.jpg,esfp
esfp151_face.jpg,esfp
esfp153_face.jpg,esfp
esfp154_face.jpg,esfp
esfp155_face.jpg,esfp
esfp156_face.jpg,esfp
esfp157_face.jpg,esfp
esfp158_face.jpg,esfp
esfp15_face.jpg,esfp
esfp160_face.jpg,esfp
esfp161_face.jpg,esfp
esfp162_face.jpg,esfp
esfp163_face.jpg,esfp
esfp164_face.jpg,esfp
esfp165_face.jpg,esfp
esfp166_face.jpg,esfp
esfp167_face.jpg,esfp
esfp169_face.jpg,esfp
esfp16_face.jpg,esfp
esfp173_face.jpg,esfp
esfp175_face.jpg,esfp
esfp176_face.jpg,esfp
esfp177_face.jpg,esfp
esfp178_face.jpg,esfp
esfp17_face.jpg,esfp
esfp180_face.jpg,esfp
esfp181_face.jpg,esfp
esfp182_face.jpg,esfp
esfp184_face.jpg,esfp
esfp185_face.jpg,esfp
esfp186_face.jpg,esfp
esfp187_face.jpg,esfp
esfp188_face.jpg,esfp
esfp189_face.jpg,esfp
esfp18_face.jpg,esfp
esfp190_face.jpg,esfp
esfp191_face.jpg,esfp
esfp192_face.jpg,esfp
esfp193_face.jpg,esfp
esfp194_face.jpg,esfp
esfp195_face.jpg,esfp
esfp196_face.jpg,esfp
esfp197_face.jpg,esfp
esfp198_face.jpg,esfp
esfp19_face.jpg,esfp
esfp1_face.jpg,esfp
esfp20_face.jpg,esfp
esfp21_face.jpg,esfp
esfp22_face.jpg,esfp
esfp23_face.jpg,esfp
esfp25_face.jpg,esfp
esfp26_face.jpg,esfp
esfp27_face.jpg,esfp
esfp28_face.jpg,esfp
esfp29_face.jpg,esfp
esfp2_face.jpg,esfp
esfp30_face.jpg,esfp
esfp31_face.jpg,esfp
esfp32_face.jpg,esfp
esfp33_face.jpg,esfp
esfp35_face.jpg,esfp
esfp36_face.jpg,esfp
esfp39_face.jpg,esfp
esfp40_face.jpg,esfp
esfp41_face.jpg,esfp
esfp42_face.jpg,esfp
esfp43_face.jpg,esfp
esfp44_face.jpg,esfp
esfp45_face.jpg,esfp
esfp46_face.jpg,esfp
esfp47_face.jpg,esfp
esfp48_face.jpg,esfp
esfp49_face.jpg,esfp
esfp4_face.jpg,esfp
esfp50_face.jpg,esfp
esfp51_face.jpg,esfp
esfp52_face.jpg,esfp
esfp53_face.jpg,esfp
esfp54_face.jpg,esfp
esfp55_face.jpg,esfp
esfp56_face.jpg,esfp
esfp57_face.jpg,esfp
esfp58_face.jpg,esfp
esfp5_face.jpg,esfp
esfp60_face.jpg,esfp
esfp61_face.jpg,esfp
esfp63_face.jpg,esfp
esfp65_face.jpg,esfp
esfp66_face.jpg,esfp
esfp67_face.jpg,esfp
esfp68_face.jpg,esfp
esfp69_face.jpg,esfp
esfp6_face.jpg,esfp
esfp70_face.jpg,esfp
esfp72_face.jpg,esfp
esfp73_face.jpg,esfp
esfp74_face.jpg,esfp
esfp75_face.jpg,esfp
esfp77_face.jpg,esfp
esfp78_face.jpg,esfp
esfp79_face.jpg,esfp
esfp80_face.jpg,esfp
esfp81_face.jpg,esfp
esfp82_face.jpg,esfp
esfp83_face.jpg,esfp
esfp84_face.jpg,esfp
esfp85_face.jpg,esfp
esfp86_face.jpg,esfp
esfp87_face.jpg,esfp
esfp88_face.jpg,esfp
esfp89_face.jpg,esfp
esfp8_face.jpg,esfp
esfp91_face.jpg,esfp
esfp92_face.jpg,esfp
esfp93_face.jpg,esfp
esfp94_face.jpg,esfp
esfp95_face.jpg,esfp
esfp96_face.jpg,esfp
esfp97_face.jpg,esfp
esfp98_face.jpg,esfp
esfp99_face.jpg,esfp
esfp9_face.jpg,esfp
estj100_face.jpg,estj
estj101_face.jpg,estj
estj102_face.jpg,estj
estj103_face.jpg,estj
estj104_face.jpg,estj
estj105_face.jpg,estj
estj106_face.jpg,estj
estj107_face.jpg,estj
estj108_face.jpg,estj
estj109_face.jpg,estj
estj110_face.jpg,estj
estj111_face.jpg,estj
estj113_face.jpg,estj
estj114_face.jpg,estj
estj115_face.jpg,estj
estj117_face.jpg,estj
estj11_face.jpg,estj
estj122_face.jpg,estj
estj123_face.jpg,estj
estj124_face.jpg,estj
estj125_face.jpg,estj
estj126_face.jpg,estj
estj127_face.jpg,estj
estj128_face.jpg,estj
estj129_face.jpg,estj
estj12_face.jpg,estj
estj131_face.jpg,estj
estj132_face.jpg,estj
estj133_face.jpg,estj
estj134_face.jpg,estj
estj135_face.jpg,estj
estj136_face.jpg,estj
estj137_face.jpg,estj
estj138_face.jpg,estj
estj139_face.jpg,estj
estj13_face.jpg,estj
estj140_face.jpg,estj
estj142_face.jpg,estj
estj143_face.jpg,estj
estj144_face.jpg,estj
estj145_face.jpg,estj
estj146_face.jpg,estj
estj147_face.jpg,estj
estj148_face.jpg,estj
estj149_face.jpg,estj
estj14_face.jpg,estj
estj150_face.jpg,estj
estj152_face.jpg,estj
estj153_face.jpg,estj
estj154_face.jpg,estj
estj155_face.jpg,estj
estj156_face.jpg,estj
estj159_face.jpg,estj
estj160_face.jpg,estj
estj161_face.jpg,estj
estj162_face.jpg,estj
estj164_face.jpg,estj
estj165_face.jpg,estj
estj166_face.jpg,estj
estj167_face.jpg,estj
estj169_face.jpg,estj
estj171_face.jpg,estj
estj172_face.jpg,estj
estj173_face.jpg,estj
estj174_face.jpg,estj
estj175_face.jpg,estj
estj176_face.jpg,estj
estj177_face.jpg,estj
estj178_face.jpg,estj
estj179_face.jpg,estj
estj17_face.jpg,estj
estj180_face.jpg,estj
estj181_face.jpg,estj
estj182_face.jpg,estj
estj183_face.jpg,estj
estj184_face.jpg,estj
estj185_face.jpg,estj
estj186_face.jpg,estj
estj188_face.jpg,estj
estj189_face.jpg,estj
estj191_face.jpg,estj
estj192_face.jpg,estj
estj194_face.jpg,estj
estj195_face.jpg,estj
estj197_face.jpg,estj
estj198_face.jpg,estj
estj199_face.jpg,estj
estj201_face.jpg,estj
estj203_face.jpg,estj
estj204_face.jpg,estj
estj206_face.jpg,estj
estj207_face.jpg,estj
estj209_face.jpg,estj
estj20_face.jpg,estj
estj210_face.jpg,estj
estj211_face.jpg,estj
estj213_face.jpg,estj
estj214_face.jpg,estj
estj215_face.jpg,estj
estj218_face.jpg,estj
estj219_face.jpg,estj
estj21_face.jpg,estj
estj220_face.jpg,estj
estj222_face.jpg,estj
estj223_face.jpg,estj
estj224_face.jpg,estj
estj225_face.jpg,estj
estj226_face.jpg,estj
estj227_face.jpg,estj
estj228_face.jpg,estj
estj229_face.jpg,estj
estj22_face.jpg,estj
estj230_face.jpg,estj
estj23_face.jpg,estj
estj24_face.jpg,estj
estj25_face.jpg,estj
estj26_face.jpg,estj
estj29_face.jpg,estj
estj2_face.jpg,estj
estj30_face.jpg,estj
estj32_face.jpg,estj
estj33_face.jpg,estj
estj34_face.jpg,estj
estj35_face.jpg,estj
estj36_face.jpg,estj
estj38_face.jpg,estj
estj3_face.jpg,estj
estj40_face.jpg,estj
estj41_face.jpg,estj
estj42_face.jpg,estj
estj43_face.jpg,estj
estj44_face.jpg,estj
estj45_face.jpg,estj
estj46_face.jpg,estj
estj47_face.jpg,estj
estj48_face.jpg,estj
estj49_face.jpg,estj
estj4_face.jpg,estj
estj50_face.jpg,estj
estj54_face.jpg,estj
estj56_face.jpg,estj
estj57_face.jpg,estj
estj59_face.jpg,estj
estj5_face.jpg,estj
estj62_face.jpg,estj
estj63_face.jpg,estj
estj64_face.jpg,estj
estj68_face.jpg,estj
estj69_face.jpg,estj
estj71_face.jpg,estj
estj73_face.jpg,estj
estj74_face.jpg,estj
estj75_face.jpg,estj
estj76_face.jpg,estj
estj78_face.jpg,estj
estj79_face.jpg,estj
estj7_face.jpg,estj
estj81_face.jpg,estj
estj82_face.jpg,estj
estj83_face.jpg,estj
estj85_face.jpg,estj
estj86_face.jpg,estj
estj87_face.jpg,estj
estj89_face.jpg,estj
estj90_face.jpg,estj
estj91_face.jpg,estj
estj93_face.jpg,estj
estj94_face.jpg,estj
estj95_face.jpg,estj
estj97_face.jpg,estj
estj98_face.jpg,estj
estj9_face.jpg,estj
estp102_face.jpg,estp
estp103_face.jpg,estp
estp105_face.jpg,estp
estp106_face.jpg,estp
estp107_face.jpg,estp
estp108_face.jpg,estp
estp109_face.jpg,estp
estp10_face.jpg,estp
estp110_face.jpg,estp
estp111_face.jpg,estp
estp112_face.jpg,estp
estp113_face.jpg,estp
estp114_face.jpg,estp
estp116_face.jpg,estp
estp117_face.jpg,estp
estp118_face.jpg,estp
estp11_face.jpg,estp
estp120_face.jpg,estp
estp121_face.jpg,estp
estp122_face.jpg,estp
estp123_face.jpg,estp
estp124_face.jpg,estp
estp125_face.jpg,estp
estp126_face.jpg,estp
estp127_face.jpg,estp
estp128_face.jpg,estp
estp129_face.jpg,estp
estp12_face.jpg,estp
estp130_face.jpg,estp
estp131_face.jpg,estp
estp132_face.jpg,estp
estp133_face.jpg,estp
estp135_face.jpg,estp
estp136_face.jpg,estp
estp137_face.jpg,estp
estp138_face.jpg,estp
estp139_face.jpg,estp
estp13_face.jpg,estp
estp141_face.jpg,estp
estp142_face.jpg,estp
estp143_face.jpg,estp
estp145_face.jpg,estp
estp146_face.jpg,estp
estp147_face.jpg,estp
estp148_face.jpg,estp
estp149_face.jpg,estp
estp14_face.jpg,estp
estp151_face.jpg,estp
estp155_face.jpg,estp
estp156_face.jpg,estp
estp157_face.jpg,estp
estp158_face.jpg,estp
estp159_face.jpg,estp
estp160_face.jpg,estp
estp161_face.jpg,estp
estp162_face.jpg,estp
estp163_face.jpg,estp
estp164_face.jpg,estp
estp165_face.jpg,estp
estp166_face.jpg,estp
estp167_face.jpg,estp
estp168_face.jpg,estp
estp169_face.jpg,estp
estp16_face.jpg,estp
estp170_face.jpg,estp
estp171_face.jpg,estp
estp172_face.jpg,estp
estp173_face.jpg,estp
estp174_face.jpg,estp
estp175_face.jpg,estp
estp177_face.jpg,estp
estp179_face.jpg,estp
estp17_face.jpg,estp
estp180_face.jpg,estp
estp181_face.jpg,estp
estp182_face.jpg,estp
estp183_face.jpg,estp
estp185_face.jpg,estp
estp187_face.jpg,estp
estp188_face.jpg,estp
estp189_face.jpg,estp
estp190_face.jpg,estp
estp191_face.jpg,estp
estp192_face.jpg,estp
estp193_face.jpg,estp
estp194_face.jpg,estp
estp195_face.jpg,estp
estp196_face.jpg,estp
estp197_face.jpg,estp
estp198_face.jpg,estp
estp199_face.jpg,estp
estp1_face.jpg,estp
estp200_face.jpg,estp
estp201_face.jpg,estp
estp202_face.jpg,estp
estp203_face.jpg,estp
estp204_face.jpg,estp
estp205_face.jpg,estp
estp206_face.jpg,estp
estp207_face.jpg,estp
estp208_face.jpg,estp
estp20_face.jpg,estp
estp210_face.jpg,estp
estp212_face.jpg,estp
estp214_face.jpg,estp
estp215_face.jpg,estp
estp216_face.jpg,estp
estp217_face.jpg,estp
estp218_face.jpg,estp
estp219_face.jpg,estp
estp220_face.jpg,estp
estp22_face.jpg,estp
estp23_face.jpg,estp
estp24_face.jpg,estp
estp25_face.jpg,estp
estp26_face.jpg,estp
estp28_face.jpg,estp
estp29_face.jpg,estp
estp30_face.jpg,estp
estp31_face.jpg,estp
estp34_face.jpg,estp
estp35_face.jpg,estp
estp36_face.jpg,estp
estp37_face.jpg,estp
estp38_face.jpg,estp
estp39_face.jpg,estp
estp3_face.jpg,estp
estp40_face.jpg,estp
estp41_face.jpg,estp
estp42_face.jpg,estp
estp43_face.jpg,estp
estp44_face.jpg,estp
estp45_face.jpg,estp
estp46_face.jpg,estp
estp47_face.jpg,estp
estp49_face.jpg,estp
estp4_face.jpg,estp
estp50_face.jpg,estp
estp51_face.jpg,estp
estp52_face.jpg,estp
estp53_face.jpg,estp
estp56_face.jpg,estp
estp57_face.jpg,estp
estp58_face.jpg,estp
estp5_face.jpg,estp
estp60_face.jpg,estp
estp61_face.jpg,estp
estp65_face.jpg,estp
estp66_face.jpg,estp
estp67_face.jpg,estp
estp68_face.jpg,estp
estp69_face.jpg,estp
estp6_face.jpg,estp
estp70_face.jpg,estp
estp71_face.jpg,estp
estp72_face.jpg,estp
estp73_face.jpg,estp
estp74_face.jpg,estp
estp75_face.jpg,estp
estp76_face.jpg,estp
estp77_face.jpg,estp
estp79_face.jpg,estp
estp7_face.jpg,estp
estp80_face.jpg,estp
estp82_face.jpg,estp
estp83_face.jpg,estp
estp85_face.jpg,estp
estp86_face.jpg,estp
estp87_face.jpg,estp
estp88_face.jpg,estp
estp89_face.jpg,estp
estp90_face.jpg,estp
estp91_face.jpg,estp
estp92_face.jpg,estp
estp93_face.jpg,estp
estp94_face.jpg,estp
estp95_face.jpg,estp
estp96_face.jpg,estp
estp97_face.jpg,estp
estp98_face.jpg,estp
estp99_face.jpg,estp
estp9_face.jpg,estp
infj0_face.jpg,infj
infj102_face.jpg,infj
infj103_face.jpg,infj
infj104_face.jpg,infj
infj106_face.jpg,infj
infj109_face.jpg,infj
infj10_face.jpg,infj
infj110_face.jpg,infj
infj111_face.jpg,infj
infj112_face.jpg,infj
infj113_face.jpg,infj
infj114_face.jpg,infj
infj115_face.jpg,infj
infj117_face.jpg,infj
infj118_face.jpg,infj
infj120_face.jpg,infj
infj121_face.jpg,infj
infj122_face.jpg,infj
infj123_face.jpg,infj
infj125_face.jpg,infj
infj126_face.jpg,infj
infj127_face.jpg,infj
infj128_face.jpg,infj
infj129_face.jpg,infj
infj130_face.jpg,infj
infj133_face.jpg,infj
infj134_face.jpg,infj
infj135_face.jpg,infj
infj137_face.jpg,infj
infj139_face.jpg,infj
infj13_face.jpg,infj
infj140_face.jpg,infj
infj141_face.jpg,infj
infj142_face.jpg,infj
infj143_face.jpg,infj
infj144_face.jpg,infj
infj145_face.jpg,infj
infj146_face.jpg,infj
infj148_face.jpg,infj
infj149_face.jpg,infj
infj14_face.jpg,infj
infj152_face.jpg,infj
infj156_face.jpg,infj
infj157_face.jpg,infj
infj160_face.jpg,infj
infj161_face.jpg,infj
infj162_face.jpg,infj
infj163_face.jpg,infj
infj166_face.jpg,infj
infj167_face.jpg,infj
infj168_face.jpg,infj
infj169_face.jpg,infj
infj170_face.jpg,infj
infj173_face.jpg,infj
infj174_face.jpg,infj
infj175_face.jpg,infj
infj178_face.jpg,infj
infj179_face.jpg,infj
infj17_face.jpg,infj
infj19_face.jpg,infj
infj20_face.jpg,infj
infj21_face.jpg,infj
infj22_face.jpg,infj
infj23_face.jpg,infj
infj24_face.jpg,infj
infj27_face.jpg,infj
infj30_face.jpg,infj
infj31_face.jpg,infj
infj32_face.jpg,infj
infj33_face.jpg,infj
infj34_face.jpg,infj
infj38_face.jpg,infj
infj3_face.jpg,infj
infj40_face.jpg,infj
infj41_face.jpg,infj
infj46_face.jpg,infj
infj48_face.jpg,infj
infj49_face.jpg,infj
infj4_face.jpg,infj
infj50_face.jpg,infj
infj51_face.jpg,infj
infj53_face.jpg,infj
infj54_face.jpg,infj
infj55_face.jpg,infj
infj56_face.jpg,infj
infj57_face.jpg,infj
infj58_face.jpg,infj
infj59_face.jpg,infj
infj5_face.jpg,infj
infj61_face.jpg,infj
infj62_face.jpg,infj
infj63_face.jpg,infj
infj64_face.jpg,infj
infj65_face.jpg,infj
infj66_face.jpg,infj
infj67_face.jpg,infj
infj68_face.jpg,infj
infj6_face.jpg,infj
infj70_face.jpg,infj
infj71_face.jpg,infj
infj72_face.jpg,infj
infj76_face.jpg,infj
infj77_face.jpg,infj
infj79_face.jpg,infj
infj80_face.jpg,infj
infj81_face.jpg,infj
infj83_face.jpg,infj
infj84_face.jpg,infj
infj85_face.jpg,infj
infj86_face.jpg,infj
infj87_face.jpg,infj
infj88_face.jpg,infj
infj8_face.jpg,infj
infj91_face.jpg,infj
infj92_face.jpg,infj
infj94_face.jpg,infj
infj96_face.jpg,infj
infj99_face.jpg,infj
infp100_face.jpg,infp
infp101_face.jpg,infp
infp103_face.jpg,infp
infp104_face.jpg,infp
infp106_face.jpg,infp
infp107_face.jpg,infp
infp108_face.jpg,infp
infp109_face.jpg,infp
infp110_face.jpg,infp
infp111_face.jpg,infp
infp113_face.jpg,infp
infp115_face.jpg,infp
infp118_face.jpg,infp
infp11_face.jpg,infp
infp121_face.jpg,infp
infp122_face.jpg,infp
infp123_face.jpg,infp
infp124_face.jpg,infp
infp125_face.jpg,infp
infp126_face.jpg,infp
infp127_face.jpg,infp
infp128_face.jpg,infp
infp129_face.jpg,infp
infp131_face.jpg,infp
infp132_face.jpg,infp
infp133_face.jpg,infp
infp134_face.jpg,infp
infp135_face.jpg,infp
infp136_face.jpg,infp
infp138_face.jpg,infp
infp139_face.jpg,infp
infp13_face.jpg,infp
infp140_face.jpg,infp
infp141_face.jpg,infp
infp143_face.jpg,infp
infp145_face.jpg,infp
infp14_face.jpg,infp
infp150_face.jpg,infp
infp151_face.jpg,infp
infp152_face.jpg,infp
infp154_face.jpg,infp
infp156_face.jpg,infp
infp157_face.jpg,infp
infp15_face.jpg,infp
infp160_face.jpg,infp
infp161_face.jpg,infp
infp162_face.jpg,infp
infp163_face.jpg,infp
infp164_face.jpg,infp
infp165_face.jpg,infp
infp167_face.jpg,infp
infp169_face.jpg,infp
infp16_face.jpg,infp
infp170_face.jpg,infp
infp172_face.jpg,infp
infp173_face.jpg,infp
infp174_face.jpg,infp
infp175_face.jpg,infp
infp176_face.jpg,infp
infp177_face.jpg,infp
infp179_face.jpg,infp
infp181_face.jpg,infp
infp183_face.jpg,infp
infp185_face.jpg,infp
infp187_face.jpg,infp
infp188_face.jpg,infp
infp189_face.jpg,infp
infp18_face.jpg,infp
infp190_face.jpg,infp
infp191_face.jpg,infp
infp192_face.jpg,infp
infp193_face.jpg,infp
infp194_face.jpg,infp
infp195_face.jpg,infp
infp19_face.jpg,infp
infp20_face.jpg,infp
infp21_face.jpg,infp
infp24_face.jpg,infp
infp25_face.jpg,infp
infp26_face.jpg,infp
infp27_face.jpg,infp
infp29_face.jpg,infp
infp2_face.jpg,infp
infp31_face.jpg,infp
infp32_face.jpg,infp
infp33_face.jpg,infp
infp35_face.jpg,infp
infp36_face.jpg,infp
infp37_face.jpg,infp
infp38_face.jpg,infp
infp39_face.jpg,infp
infp40_face.jpg,infp
infp42_face.jpg,infp
infp43_face.jpg,infp
infp44_face.jpg,infp
infp45_face.jpg,infp
infp47_face.jpg,infp
infp49_face.jpg,infp
infp4_face.jpg,infp
infp50_face.jpg,infp
infp51_face.jpg,infp
infp52_face.jpg,infp
infp53_face.jpg,infp
infp54_face.jpg,infp
infp55_face.jpg,infp
infp57_face.jpg,infp
infp58_face.jpg,infp
infp59_face.jpg,infp
infp5_face.jpg,infp
infp60_face.jpg,infp
infp61_face.jpg,infp
infp62_face.jpg,infp
infp63_face.jpg,infp
infp65_face.jpg,infp
infp66_face.jpg,infp
infp67_face.jpg,infp
infp68_face.jpg,infp
infp69_face.jpg,infp
infp6_face.jpg,infp
infp70_face.jpg,infp
infp71_face.jpg,infp
infp72_face.jpg,infp
infp73_face.jpg,infp
infp74_face.jpg,infp
infp75_face.jpg,infp
infp76_face.jpg,infp
infp77_face.jpg,infp
infp78_face.jpg,infp
infp79_face.jpg,infp
infp7_face.jpg,infp
infp80_face.jpg,infp
infp81_face.jpg,infp
infp82_face.jpg,infp
infp83_face.jpg,infp
infp84_face.jpg,infp
infp86_face.jpg,infp
infp87_face.jpg,infp
infp88_face.jpg,infp
infp89_face.jpg,infp
infp8_face.jpg,infp
infp90_face.jpg,infp
infp91_face.jpg,infp
infp92_face.jpg,infp
infp93_face.jpg,infp
infp94_face.jpg,infp
infp95_face.jpg,infp
infp97_face.jpg,infp
infp98_face.jpg,infp
infp99_face.jpg,infp
intj0_face.jpg,intj
intj100_face.jpg,intj
intj101_face.jpg,intj
intj102_face.jpg,intj
intj104_face.jpg,intj
intj107_face.jpg,intj
intj109_face.jpg,intj
intj10_face.jpg,intj
intj110_face.jpg,intj
intj112_face.jpg,intj
intj113_face.jpg,intj
intj115_face.jpg,intj
intj117_face.jpg,intj
intj118_face.jpg,intj
intj120_face.jpg,intj
intj122_face.jpg,intj
intj123_face.jpg,intj
intj125_face.jpg,intj
intj126_face.jpg,intj
intj127_face.jpg,intj
intj128_face.jpg,intj
intj129_face.jpg,intj
intj12_face.jpg,intj
intj130_face.jpg,intj
intj132_face.jpg,intj
intj133_face.jpg,intj
intj134_face.jpg,intj
intj135_face.jpg,intj
intj136_face.jpg,intj
intj137_face.jpg,intj
intj138_face.jpg,intj
intj139_face.jpg,intj
intj13_face.jpg,intj
intj140_face.jpg,intj
intj141_face.jpg,intj
intj142_face.jpg,intj
intj143_face.jpg,intj
intj144_face.jpg,intj
intj145_face.jpg,intj
intj146_face.jpg,intj
intj147_face.jpg,intj
intj148_face.jpg,intj
intj149_face.jpg,intj
intj14_face.jpg,intj
intj150_face.jpg,intj
intj152_face.jpg,intj
intj154_face.jpg,intj
intj156_face.jpg,intj
intj157_face.jpg,intj
intj158_face.jpg,intj
intj15_face.jpg,intj
intj161_face.jpg,intj
intj162_face.jpg,intj
intj163_face.jpg,intj
intj164_face.jpg,intj
intj165_face.jpg,intj
intj169_face.jpg,intj
intj171_face.jpg,intj
intj174_face.jpg,intj
intj17_face.jpg,intj
intj18_face.jpg,intj
intj19_face.jpg,intj
intj21_face.jpg,intj
intj23_face.jpg,intj
intj24_face.jpg,intj
intj25_face.jpg,intj
intj26_face.jpg,intj
intj29_face.jpg,intj
intj30_face.jpg,intj
intj31_face.jpg,intj
intj33_face.jpg,intj
intj34_face.jpg,intj
intj35_face.jpg,intj
intj38_face.jpg,intj
intj39_face.jpg,intj
intj40_face.jpg,intj
intj41_face.jpg,intj
intj42_face.jpg,intj
intj43_face.jpg,intj
intj45_face.jpg,intj
intj46_face.jpg,intj
intj48_face.jpg,intj
intj50_face.jpg,intj
intj51_face.jpg,intj
intj52_face.jpg,intj
intj53_face.jpg,intj
intj54_face.jpg,intj
intj55_face.jpg,intj
intj56_face.jpg,intj
intj57_face.jpg,intj
intj58_face.jpg,intj
intj60_face.jpg,intj
intj61_face.jpg,intj
intj63_face.jpg,intj
intj66_face.jpg,intj
intj67_face.jpg,intj
intj68_face.jpg,intj
intj69_face.jpg,intj
intj6_face.jpg,intj
intj71_face.jpg,intj
intj79_face.jpg,intj
intj7_face.jpg,intj
intj82_face.jpg,intj
intj84_face.jpg,intj
intj85_face.jpg,intj
intj86_face.jpg,intj
intj87_face.jpg,intj
intj89_face.jpg,intj
intj8_face.jpg,intj
intj94_face.jpg,intj
intj96_face.jpg,intj
intj98_face.jpg,intj
intj99_face.jpg,intj
intj9_face.jpg,intj
intp100_face.jpg,intp
intp101_face.jpg,intp
intp102_face.jpg,intp
intp104_face.jpg,intp
intp105_face.jpg,intp
intp107_face.jpg,intp
intp10_face.jpg,intp
intp110_face.jpg,intp
intp111_face.jpg,intp
intp112_face.jpg,intp
intp114_face.jpg,intp
intp115_face.jpg,intp
intp116_face.jpg,intp
intp118_face.jpg,intp
intp119_face.jpg,intp
intp120_face.jpg,intp
intp121_face.jpg,intp
intp122_face.jpg,intp
intp125_face.jpg,intp
intp128_face.jpg,intp
intp12_face.jpg,intp
intp130_face.jpg,intp
intp131_face.jpg,intp
intp132_face.jpg,intp
intp133_face.jpg,intp
intp134_face.jpg,intp
intp135_face.jpg,intp
intp137_face.jpg,intp
intp138_face.jpg,intp
intp139_face.jpg,intp
intp13_face.jpg,intp
intp141_face.jpg,intp
intp142_face.jpg,intp
intp143_face.jpg,intp
intp144_face.jpg,intp
intp145_face.jpg,intp
intp146_face.jpg,intp
intp147_face.jpg,intp
intp148_face.jpg,intp
intp14_face.jpg,intp
intp151_face.jpg,intp
intp155_face.jpg,intp
intp156_face.jpg,intp
intp157_face.jpg,intp
intp158_face.jpg,intp
intp159_face.jpg,intp
intp15_face.jpg,intp
intp160_face.jpg,intp
intp163_face.jpg,intp
intp164_face.jpg,intp
intp169_face.jpg,intp
intp16_face.jpg,intp
intp170_face.jpg,intp
intp171_face.jpg,intp
intp172_face.jpg,intp
intp173_face.jpg,intp
intp174_face.jpg,intp
intp175_face.jpg,intp
intp177_face.jpg,intp
intp178_face.jpg,intp
intp179_face.jpg,intp
intp17_face.jpg,intp
intp180_face.jpg,intp
intp182_face.jpg,intp
intp183_face.jpg,intp
intp185_face.jpg,intp
intp186_face.jpg,intp
intp188_face.jpg,intp
intp190_face.jpg,intp
intp191_face.jpg,intp
intp192_face.jpg,intp
intp193_face.jpg,intp
intp194_face.jpg,intp
intp195_face.jpg,intp
intp196_face.jpg,intp
intp197_face.jpg,intp
intp198_face.jpg,intp
intp200_face.jpg,intp
intp201_face.jpg,intp
intp204_face.jpg,intp
intp205_face.jpg,intp
intp206_face.jpg,intp
intp207_face.jpg,intp
intp209_face.jpg,intp
intp212_face.jpg,intp
intp213_face.jpg,intp
intp214_face.jpg,intp
intp215_face.jpg,intp
intp216_face.jpg,intp
intp217_face.jpg,intp
intp219_face.jpg,intp
intp21_face.jpg,intp
intp221_face.jpg,intp
intp224_face.jpg,intp
intp226_face.jpg,intp
intp227_face.jpg,intp
intp228_face.jpg,intp
intp229_face.jpg,intp
intp230_face.jpg,intp
intp231_face.jpg,intp
intp232_face.jpg,intp
intp233_face.jpg,intp
intp234_face.jpg,intp
intp235_face.jpg,intp
intp237_face.jpg,intp
intp238_face.jpg,intp
intp23_face.jpg,intp
intp247_face.jpg,intp
intp24_face.jpg,intp
intp250_face.jpg,intp
intp251_face.jpg,intp
intp253_face.jpg,intp
intp257_face.jpg,intp
intp260_face.jpg,intp
intp262_face.jpg,intp
intp263_face.jpg,intp
intp264_face.jpg,intp
intp265_face.jpg,intp
intp268_face.jpg,intp
intp26_face.jpg,intp
intp270_face.jpg,intp
intp271_face.jpg,intp
intp272_face.jpg,intp
intp274_face.jpg,intp
intp275_face.jpg,intp
intp279_face.jpg,intp
intp27_face.jpg,intp
intp281_face.jpg,intp
intp290_face.jpg,intp
intp292_face.jpg,intp
intp294_face.jpg,intp
intp295_face.jpg,intp
intp296_face.jpg,intp
intp299_face.jpg,intp
intp29_face.jpg,intp
intp300_face.jpg,intp
intp301_face.jpg,intp
intp302_face.jpg,intp
intp306_face.jpg,intp
intp308_face.jpg,intp
intp309_face.jpg,intp
intp30_face.jpg,intp
intp310_face.jpg,intp
intp317_face.jpg,intp
intp318_face.jpg,intp
intp319_face.jpg,intp
intp320_face.jpg,intp
intp321_face.jpg,intp
intp322_face.jpg,intp
intp324_face.jpg,intp
intp327_face.jpg,intp
intp328_face.jpg,intp
intp329_face.jpg,intp
intp330_face.jpg,intp
intp331_face.jpg,intp
intp334_face.jpg,intp
intp335_face.jpg,intp
intp336_face.jpg,intp
intp338_face.jpg,intp
intp341_face.jpg,intp
intp342_face.jpg,intp
intp343_face.jpg,intp
intp344_face.jpg,intp
intp345_face.jpg,intp
intp346_face.jpg,intp
intp348_face.jpg,intp
intp34_face.jpg,intp
intp350_face.jpg,intp
intp351_face.jpg,intp
intp354_face.jpg,intp
intp356_face.jpg,intp
intp358_face.jpg,intp
intp359_face.jpg,intp
intp35_face.jpg,intp
intp362_face.jpg,intp
intp363_face.jpg,intp
intp364_face.jpg,intp
intp365_face.jpg,intp
intp367_face.jpg,intp
intp368_face.jpg,intp
intp370_face.jpg,intp
intp373_face.jpg,intp
intp374_face.jpg,intp
intp375_face.jpg,intp
intp376_face.jpg,intp
intp377_face.jpg,intp
intp378_face.jpg,intp
intp379_face.jpg,intp
intp37_face.jpg,intp
intp381_face.jpg,intp
intp38_face.jpg,intp
intp39_face.jpg,intp
intp3_face.jpg,intp
intp40_face.jpg,intp
intp41_face.jpg,intp
intp42_face.jpg,intp
intp43_face.jpg,intp
intp45_face.jpg,intp
intp47_face.jpg,intp
intp48_face.jpg,intp
intp49_face.jpg,intp
intp4_face.jpg,intp
intp51_face.jpg,intp
intp52_face.jpg,intp
intp53_face.jpg,intp
intp54_face.jpg,intp
intp55_face.jpg,intp
intp56_face.jpg,intp
intp58_face.jpg,intp
intp59_face.jpg,intp
intp5_face.jpg,intp
intp60_face.jpg,intp
intp61_face.jpg,intp
intp62_face.jpg,intp
intp63_face.jpg,intp
intp64_face.jpg,intp
intp65_face.jpg,intp
intp66_face.jpg,intp
intp67_face.jpg,intp
intp68_face.jpg,intp
intp69_face.jpg,intp
intp6_face.jpg,intp
intp70_face.jpg,intp
intp71_face.jpg,intp
intp72_face.jpg,intp
intp73_face.jpg,intp
intp74_face.jpg,intp
intp76_face.jpg,intp
intp77_face.jpg,intp
intp78_face.jpg,intp
intp79_face.jpg,intp
intp7_face.jpg,intp
intp80_face.jpg,intp
intp81_face.jpg,intp
intp82_face.jpg,intp
intp83_face.jpg,intp
intp84_face.jpg,intp
intp85_face.jpg,intp
intp86_face.jpg,intp
intp87_face.jpg,intp
intp88_face.jpg,intp
intp89_face.jpg,intp
intp8_face.jpg,intp
intp90_face.jpg,intp
intp91_face.jpg,intp
intp92_face.jpg,intp
intp93_face.jpg,intp
intp94_face.jpg,intp
intp95_face.jpg,intp
intp96_face.jpg,intp
intp97_face.jpg,intp
intp9_face.jpg,intp
isfj0_face.jpg,isfj
isfj100_face.jpg,isfj
isfj102_face.jpg,isfj
isfj103_face.jpg,isfj
isfj104_face.jpg,isfj
isfj106_face.jpg,isfj
isfj108_face.jpg,isfj
isfj109_face.jpg,isfj
isfj10_face.jpg,isfj
isfj110_face.jpg,isfj
isfj112_face.jpg,isfj
isfj115_face.jpg,isfj
isfj118_face.jpg,isfj
isfj119_face.jpg,isfj
isfj11_face.jpg,isfj
isfj120_face.jpg,isfj
isfj121_face.jpg,isfj
isfj122_face.jpg,isfj
isfj123_face.jpg,isfj
isfj124_face.jpg,isfj
isfj125_face.jpg,isfj
isfj126_face.jpg,isfj
isfj127_face.jpg,isfj
isfj128_face.jpg,isfj
isfj12_face.jpg,isfj
isfj130_face.jpg,isfj
isfj133_face.jpg,isfj
isfj135_face.jpg,isfj
isfj136_face.jpg,isfj
isfj139_face.jpg,isfj
isfj13_face.jpg,isfj
isfj140_face.jpg,isfj
isfj141_face.jpg,isfj
isfj142_face.jpg,isfj
isfj143_face.jpg,isfj
isfj144_face.jpg,isfj
isfj145_face.jpg,isfj
isfj146_face.jpg,isfj
isfj147_face.jpg,isfj
isfj148_face.jpg,isfj
isfj149_face.jpg,isfj
isfj14_face.jpg,isfj
isfj150_face.jpg,isfj
isfj151_face.jpg,isfj
isfj153_face.jpg,isfj
isfj155_face.jpg,isfj
isfj15_face.jpg,isfj
isfj16_face.jpg,isfj
isfj17_face.jpg,isfj
isfj18_face.jpg,isfj
isfj19_face.jpg,isfj
isfj1_face.jpg,isfj
isfj20_face.jpg,isfj
isfj21_face.jpg,isfj
isfj22_face.jpg,isfj
isfj23_face.jpg,isfj
isfj24_face.jpg,isfj
isfj25_face.jpg,isfj
isfj26_face.jpg,isfj
isfj27_face.jpg,isfj
isfj28_face.jpg,isfj
isfj29_face.jpg,isfj
isfj30_face.jpg,isfj
isfj31_face.jpg,isfj
isfj32_face.jpg,isfj
isfj33_face.jpg,isfj
isfj34_face.jpg,isfj
isfj35_face.jpg,isfj
isfj36_face.jpg,isfj
isfj37_face.jpg,isfj
isfj38_face.jpg,isfj
isfj39_face.jpg,isfj
isfj3_face.jpg,isfj
isfj40_face.jpg,isfj
isfj41_face.jpg,isfj
isfj42_face.jpg,isfj
isfj43_face.jpg,isfj
isfj44_face.jpg,isfj
isfj45_face.jpg,isfj
isfj47_face.jpg,isfj
isfj48_face.jpg,isfj
isfj49_face.jpg,isfj
isfj4_face.jpg,isfj
isfj52_face.jpg,isfj
isfj58_face.jpg,isfj
isfj59_face.jpg,isfj
isfj5_face.jpg,isfj
isfj60_face.jpg,isfj
isfj62_face.jpg,isfj
isfj63_face.jpg,isfj
isfj64_face.jpg,isfj
isfj66_face.jpg,isfj
isfj67_face.jpg,isfj
isfj68_face.jpg,isfj
isfj6_face.jpg,isfj
isfj71_face.jpg,isfj
isfj73_face.jpg,isfj
isfj74_face.jpg,isfj
isfj75_face.jpg,isfj
isfj78_face.jpg,isfj
isfj79_face.jpg,isfj
isfj7_face.jpg,isfj
isfj80_face.jpg,isfj
isfj81_face.jpg,isfj
isfj82_face.jpg,isfj
isfj85_face.jpg,isfj
isfj86_face.jpg,isfj
isfj88_face.jpg,isfj
isfj89_face.jpg,isfj
isfj8_face.jpg,isfj
isfj90_face.jpg,isfj
isfj91_face.jpg,isfj
isfj92_face.jpg,isfj
isfj93_face.jpg,isfj
isfj94_face.jpg,isfj
isfj95_face.jpg,isfj
isfj96_face.jpg,isfj
isfj97_face.jpg,isfj
isfj98_face.jpg,isfj
isfj9_face.jpg,isfj
isfp101_face.jpg,isfp
isfp103_face.jpg,isfp
isfp105_face.jpg,isfp
isfp106_face.jpg,isfp
isfp107_face.jpg,isfp
isfp108_face.jpg,isfp
isfp109_face.jpg,isfp
isfp10_face.jpg,isfp
isfp110_face.jpg,isfp
isfp112_face.jpg,isfp
isfp113_face.jpg,isfp
isfp116_face.jpg,isfp
isfp117_face.jpg,isfp
isfp118_face.jpg,isfp
isfp119_face.jpg,isfp
isfp11_face.jpg,isfp
isfp121_face.jpg,isfp
isfp124_face.jpg,isfp
isfp125_face.jpg,isfp
isfp126_face.jpg,isfp
isfp128_face.jpg,isfp
isfp129_face.jpg,isfp
isfp12_face.jpg,isfp
isfp130_face.jpg,isfp
isfp131_face.jpg,isfp
isfp132_face.jpg,isfp
isfp133_face.jpg,isfp
isfp134_face.jpg,isfp
isfp135_face.jpg,isfp
isfp136_face.jpg,isfp
isfp137_face.jpg,isfp
isfp138_face.jpg,isfp
isfp140_face.jpg,isfp
isfp142_face.jpg,isfp
isfp143_face.jpg,isfp
isfp144_face.jpg,isfp
isfp146_face.jpg,isfp
isfp147_face.jpg,isfp
isfp148_face.jpg,isfp
isfp14_face.jpg,isfp
isfp150_face.jpg,isfp
isfp151_face.jpg,isfp
isfp152_face.jpg,isfp
isfp153_face.jpg,isfp
isfp154_face.jpg,isfp
isfp156_face.jpg,isfp
isfp157_face.jpg,isfp
isfp158_face.jpg,isfp
isfp159_face.jpg,isfp
isfp15_face.jpg,isfp
isfp160_face.jpg,isfp
isfp161_face.jpg,isfp
isfp163_face.jpg,isfp
isfp164_face.jpg,isfp
isfp165_face.jpg,isfp
isfp167_face.jpg,isfp
isfp168_face.jpg,isfp
isfp169_face.jpg,isfp
isfp16_face.jpg,isfp
isfp170_face.jpg,isfp
isfp172_face.jpg,isfp
isfp173_face.jpg,isfp
isfp174_face.jpg,isfp
isfp175_face.jpg,isfp
isfp176_face.jpg,isfp
isfp178_face.jpg,isfp
isfp179_face.jpg,isfp
isfp180_face.jpg,isfp
isfp181_face.jpg,isfp
isfp182_face.jpg,isfp
isfp183_face.jpg,isfp
isfp184_face.jpg,isfp
isfp186_face.jpg,isfp
isfp188_face.jpg,isfp
isfp189_face.jpg,isfp
isfp18_face.jpg,isfp
isfp190_face.jpg,isfp
isfp191_face.jpg,isfp
isfp192_face.jpg,isfp
isfp193_face.jpg,isfp
isfp194_face.jpg,isfp
isfp195_face.jpg,isfp
isfp196_face.jpg,isfp
isfp197_face.jpg,isfp
isfp198_face.jpg,isfp
isfp19_face.jpg,isfp
isfp1_face.jpg,isfp
isfp201_face.jpg,isfp
isfp203_face.jpg,isfp
isfp204_face.jpg,isfp
isfp205_face.jpg,isfp
isfp206_face.jpg,isfp
isfp207_face.jpg,isfp
isfp208_face.jpg,isfp
isfp209_face.jpg,isfp
isfp20_face.jpg,isfp
isfp210_face.jpg,isfp
isfp211_face.jpg,isfp
isfp213_face.jpg,isfp
isfp215_face.jpg,isfp
isfp216_face.jpg,isfp
isfp217_face.jpg,isfp
isfp218_face.jpg,isfp
isfp219_face.jpg,isfp
isfp21_face.jpg,isfp
isfp220_face.jpg,isfp
isfp223_face.jpg,isfp
isfp224_face.jpg,isfp
isfp225_face.jpg,isfp
isfp226_face.jpg,isfp
isfp227_face.jpg,isfp
isfp22_face.jpg,isfp
isfp23_face.jpg,isfp
isfp25_face.jpg,isfp
isfp26_face.jpg,isfp
isfp28_face.jpg,isfp
isfp2_face.jpg,isfp
isfp30_face.jpg,isfp
isfp31_face.jpg,isfp
isfp32_face.jpg,isfp
isfp33_face.jpg,isfp
isfp34_face.jpg,isfp
isfp36_face.jpg,isfp
isfp37_face.jpg,isfp
isfp38_face.jpg,isfp
isfp39_face.jpg,isfp
isfp40_face.jpg,isfp
isfp42_face.jpg,isfp
isfp43_face.jpg,isfp
isfp44_face.jpg,isfp
isfp45_face.jpg,isfp
isfp47_face.jpg,isfp
isfp48_face.jpg,isfp
isfp49_face.jpg,isfp
isfp4_face.jpg,isfp
isfp50_face.jpg,isfp
isfp51_face.jpg,isfp
isfp52_face.jpg,isfp
isfp54_face.jpg,isfp
isfp55_face.jpg,isfp
isfp56_face.jpg,isfp
isfp58_face.jpg,isfp
isfp59_face.jpg,isfp
isfp60_face.jpg,isfp
isfp61_face.jpg,isfp
isfp63_face.jpg,isfp
isfp64_face.jpg,isfp
isfp65_face.jpg,isfp
isfp66_face.jpg,isfp
isfp69_face.jpg,isfp
isfp70_face.jpg,isfp
isfp73_face.jpg,isfp
isfp74_face.jpg,isfp
isfp78_face.jpg,isfp
isfp79_face.jpg,isfp
isfp81_face.jpg,isfp
isfp82_face.jpg,isfp
isfp83_face.jpg,isfp
isfp84_face.jpg,isfp
isfp85_face.jpg,isfp
isfp87_face.jpg,isfp
isfp88_face.jpg,isfp
isfp89_face.jpg,isfp
isfp90_face.jpg,isfp
isfp91_face.jpg,isfp
isfp92_face.jpg,isfp
isfp93_face.jpg,isfp
isfp94_face.jpg,isfp
isfp96_face.jpg,isfp
isfp97_face.jpg,isfp
isfp98_face.jpg,isfp
isfp99_face.jpg,isfp
istj0_face.jpg,istj
istj100_face.jpg,istj
istj103_face.jpg,istj
istj105_face.jpg,istj
istj107_face.jpg,istj
istj109_face.jpg,istj
istj10_face.jpg,istj
istj111_face.jpg,istj
istj118_face.jpg,istj
istj11_face.jpg,istj
istj120_face.jpg,istj
istj121_face.jpg,istj
istj124_face.jpg,istj
istj125_face.jpg,istj
istj127_face.jpg,istj
istj128_face.jpg,istj
istj129_face.jpg,istj
istj12_face.jpg,istj
istj131_face.jpg,istj
istj132_face.jpg,istj
istj134_face.jpg,istj
istj135_face.jpg,istj
istj138_face.jpg,istj
istj13_face.jpg,istj
istj143_face.jpg,istj
istj144_face.jpg,istj
istj145_face.jpg,istj
istj147_face.jpg,istj
istj148_face.jpg,istj
istj151_face.jpg,istj
istj156_face.jpg,istj
istj157_face.jpg,istj
istj15_face.jpg,istj
istj160_face.jpg,istj
istj16_face.jpg,istj
istj1_face.jpg,istj
istj21_face.jpg,istj
istj23_face.jpg,istj
istj25_face.jpg,istj
istj26_face.jpg,istj
istj27_face.jpg,istj
istj29_face.jpg,istj
istj2_face.jpg,istj
istj30_face.jpg,istj
istj32_face.jpg,istj
istj33_face.jpg,istj
istj34_face.jpg,istj
istj36_face.jpg,istj
istj37_face.jpg,istj
istj38_face.jpg,istj
istj39_face.jpg,istj
istj40_face.jpg,istj
istj41_face.jpg,istj
istj42_face.jpg,istj
istj43_face.jpg,istj
istj44_face.jpg,istj
istj45_face.jpg,istj
istj46_face.jpg,istj
istj52_face.jpg,istj
istj55_face.jpg,istj
istj56_face.jpg,istj
istj59_face.jpg,istj
istj5_face.jpg,istj
istj60_face.jpg,istj
istj61_face.jpg,istj
istj62_face.jpg,istj
istj63_face.jpg,istj
istj64_face.jpg,istj
istj65_face.jpg,istj
istj67_face.jpg,istj
istj70_face.jpg,istj
istj71_face.jpg,istj
istj75_face.jpg,istj
istj77_face.jpg,istj
istj78_face.jpg,istj
istj79_face.jpg,istj
istj81_face.jpg,istj
istj83_face.jpg,istj
istj86_face.jpg,istj
istj88_face.jpg,istj
istj90_face.jpg,istj
istj91_face.jpg,istj
istj95_face.jpg,istj
istj97_face.jpg,istj
istj99_face.jpg,istj
istp0_face.jpg,istp
istp100_face.jpg,istp
istp104_face.jpg,istp
istp105_face.jpg,istp
istp10_face.jpg,istp
istp120_face.jpg,istp
istp121_face.jpg,istp
istp122_face.jpg,istp
istp123_face.jpg,istp
istp125_face.jpg,istp
istp126_face.jpg,istp
istp127_face.jpg,istp
istp128_face.jpg,istp
istp129_face.jpg,istp
istp130_face.jpg,istp
istp134_face.jpg,istp
istp135_face.jpg,istp
istp136_face.jpg,istp
istp137_face.jpg,istp
istp138_face.jpg,istp
istp139_face.jpg,istp
istp13_face.jpg,istp
istp140_face.jpg,istp
istp141_face.jpg,istp
istp146_face.jpg,istp
istp151_face.jpg,istp
istp158_face.jpg,istp
istp159_face.jpg,istp
istp15_face.jpg,istp
istp160_face.jpg,istp
istp161_face.jpg,istp
istp162_face.jpg,istp
istp163_face.jpg,istp
istp164_face.jpg,istp
istp165_face.jpg,istp
istp167_face.jpg,istp
istp169_face.jpg,istp
istp170_face.jpg,istp
istp172_face.jpg,istp
istp175_face.jpg,istp
istp177_face.jpg,istp
istp178_face.jpg,istp
istp179_face.jpg,istp
istp17_face.jpg,istp
istp180_face.jpg,istp
istp182_face.jpg,istp
istp183_face.jpg,istp
istp185_face.jpg,istp
istp187_face.jpg,istp
istp189_face.jpg,istp
istp191_face.jpg,istp
istp192_face.jpg,istp
istp194_face.jpg,istp
istp195_face.jpg,istp
istp196_face.jpg,istp
istp199_face.jpg,istp
istp1_face.jpg,istp
istp200_face.jpg,istp
istp201_face.jpg,istp
istp202_face.jpg,istp
istp205_face.jpg,istp
istp206_face.jpg,istp
istp208_face.jpg,istp
istp209_face.jpg,istp
istp210_face.jpg,istp
istp211_face.jpg,istp
istp213_face.jpg,istp
istp214_face.jpg,istp
istp215_face.jpg,istp
istp216_face.jpg,istp
istp217_face.jpg,istp
istp218_face.jpg,istp
istp219_face.jpg,istp
istp220_face.jpg,istp
istp221_face.jpg,istp
istp222_face.jpg,istp
istp223_face.jpg,istp
istp224_face.jpg,istp
istp225_face.jpg,istp
istp228_face.jpg,istp
istp22_face.jpg,istp
istp230_face.jpg,istp
istp232_face.jpg,istp
istp233_face.jpg,istp
istp234_face.jpg,istp
istp235_face.jpg,istp
istp236_face.jpg,istp
istp237_face.jpg,istp
istp238_face.jpg,istp
istp23_face.jpg,istp
istp240_face.jpg,istp
istp241_face.jpg,istp
istp242_face.jpg,istp
istp244_face.jpg,istp
istp246_face.jpg,istp
istp24_face.jpg,istp
istp250_face.jpg,istp
istp252_face.jpg,istp
istp259_face.jpg,istp
istp261_face.jpg,istp
istp262_face.jpg,istp
istp263_face.jpg,istp
istp264_face.jpg,istp
istp265_face.jpg,istp
istp266_face.jpg,istp
istp267_face.jpg,istp
istp269_face.jpg,istp
istp26_face.jpg,istp
istp271_face.jpg,istp
istp274_face.jpg,istp
istp275_face.jpg,istp
istp276_face.jpg,istp
istp278_face.jpg,istp
istp279_face.jpg,istp
istp27_face.jpg,istp
istp280_face.jpg,istp
istp281_face.jpg,istp
istp283_face.jpg,istp
istp284_face.jpg,istp
istp285_face.jpg,istp
istp287_face.jpg,istp
istp288_face.jpg,istp
istp28_face.jpg,istp
istp291_face.jpg,istp
istp292_face.jpg,istp
istp295_face.jpg,istp
istp296_face.jpg,istp
istp298_face.jpg,istp
istp299_face.jpg,istp
istp29_face.jpg,istp
istp2_face.jpg,istp
istp300_face.jpg,istp
istp302_face.jpg,istp
istp303_face.jpg,istp
istp304_face.jpg,istp
istp306_face.jpg,istp
istp307_face.jpg,istp
istp308_face.jpg,istp
istp30_face.jpg,istp
istp310_face.jpg,istp
istp312_face.jpg,istp
istp313_face.jpg,istp
istp314_face.jpg,istp
istp315_face.jpg,istp
istp316_face.jpg,istp
istp317_face.jpg,istp
istp318_face.jpg,istp
istp319_face.jpg,istp
istp320_face.jpg,istp
istp321_face.jpg,istp
istp322_face.jpg,istp
istp324_face.jpg,istp
istp325_face.jpg,istp
istp327_face.jpg,istp
istp32_face.jpg,istp
istp330_face.jpg,istp
istp331_face.jpg,istp
istp332_face.jpg,istp
istp333_face.jpg,istp
istp334_face.jpg,istp
istp335_face.jpg,istp
istp336_face.jpg,istp
istp337_face.jpg,istp
istp338_face.jpg,istp
istp339_face.jpg,istp
istp33_face.jpg,istp
istp340_face.jpg,istp
istp342_face.jpg,istp
istp343_face.jpg,istp
istp344_face.jpg,istp
istp346_face.jpg,istp
istp347_face.jpg,istp
istp348_face.jpg,istp
istp34_face.jpg,istp
istp350_face.jpg,istp
istp352_face.jpg,istp
istp353_face.jpg,istp
istp357_face.jpg,istp
istp358_face.jpg,istp
istp359_face.jpg,istp
istp35_face.jpg,istp
istp360_face.jpg,istp
istp362_face.jpg,istp
istp363_face.jpg,istp
istp365_face.jpg,istp
istp366_face.jpg,istp
istp367_face.jpg,istp
istp368_face.jpg,istp
istp36_face.jpg,istp
istp370_face.jpg,istp
istp371_face.jpg,istp
istp372_face.jpg,istp
istp374_face.jpg,istp
istp376_face.jpg,istp
istp377_face.jpg,istp
istp37_face.jpg,istp
istp380_face.jpg,istp
istp381_face.jpg,istp
istp382_face.jpg,istp
istp383_face.jpg,istp
istp384_face.jpg,istp
istp386_face.jpg,istp
istp388_face.jpg,istp
istp389_face.jpg,istp
istp38_face.jpg,istp
istp390_face.jpg,istp
istp391_face.jpg,istp
istp392_face.jpg,istp
istp393_face.jpg,istp
istp394_face.jpg,istp
istp398_face.jpg,istp
istp399_face.jpg,istp
istp39_face.jpg,istp
istp400_face.jpg,istp
istp403_face.jpg,istp
istp404_face.jpg,istp
istp405_face.jpg,istp
istp406_face.jpg,istp
istp407_face.jpg,istp
istp408_face.jpg,istp
istp40_face.jpg,istp
istp410_face.jpg,istp
istp411_face.jpg,istp
istp413_face.jpg,istp
istp416_face.jpg,istp
istp417_face.jpg,istp
istp418_face.jpg,istp
istp419_face.jpg,istp
istp41_face.jpg,istp
istp420_face.jpg,istp
istp422_face.jpg,istp
istp424_face.jpg,istp
istp425_face.jpg,istp
istp426_face.jpg,istp
istp428_face.jpg,istp
istp429_face.jpg,istp
istp42_face.jpg,istp
istp430_face.jpg,istp
istp431_face.jpg,istp
istp432_face.jpg,istp
istp433_face.jpg,istp
istp435_face.jpg,istp
istp436_face.jpg,istp
istp437_face.jpg,istp
istp438_face.jpg,istp
istp439_face.jpg,istp
istp43_face.jpg,istp
istp440_face.jpg,istp
istp441_face.jpg,istp
istp442_face.jpg,istp
istp443_face.jpg,istp
istp444_face.jpg,istp
istp445_face.jpg,istp
istp44_face.jpg,istp
istp450_face.jpg,istp
istp451_face.jpg,istp
istp454_face.jpg,istp
istp456_face.jpg,istp
istp458_face.jpg,istp
istp459_face.jpg,istp
istp463_face.jpg,istp
istp464_face.jpg,istp
istp467_face.jpg,istp
istp468_face.jpg,istp
istp469_face.jpg,istp
istp470_face.jpg,istp
istp471_face.jpg,istp
istp473_face.jpg,istp
istp476_face.jpg,istp
istp479_face.jpg,istp
istp484_face.jpg,istp
istp485_face.jpg,istp
istp488_face.jpg,istp
istp48_face.jpg,istp
istp492_face.jpg,istp
istp493_face.jpg,istp
istp494_face.jpg,istp
istp495_face.jpg,istp
istp496_face.jpg,istp
istp498_face.jpg,istp
istp501_face.jpg,istp
istp503_face.jpg,istp
istp504_face.jpg,istp
istp505_face.jpg,istp
istp506_face.jpg,istp
istp509_face.jpg,istp
istp510_face.jpg,istp
istp511_face.jpg,istp
istp513_face.jpg,istp
istp515_face.jpg,istp
istp516_face.jpg,istp
istp517_face.jpg,istp
istp518_face.jpg,istp
istp519_face.jpg,istp
istp51_face.jpg,istp
istp520_face.jpg,istp
istp522_face.jpg,istp
istp524_face.jpg,istp
istp526_face.jpg,istp
istp527_face.jpg,istp
istp528_face.jpg,istp
istp529_face.jpg,istp
istp52_face.jpg,istp
istp530_face.jpg,istp
istp531_face.jpg,istp
istp532_face.jpg,istp
istp533_face.jpg,istp
istp534_face.jpg,istp
istp535_face.jpg,istp
istp536_face.jpg,istp
istp537_face.jpg,istp
istp538_face.jpg,istp
istp539_face.jpg,istp
istp53_face.jpg,istp
istp542_face.jpg,istp
istp544_face.jpg,istp
istp546_face.jpg,istp
istp547_face.jpg,istp
istp550_face.jpg,istp
istp551_face.jpg,istp
istp556_face.jpg,istp
istp557_face.jpg,istp
istp55_face.jpg,istp
istp56_face.jpg,istp
istp57_face.jpg,istp
istp58_face.jpg,istp
istp59_face.jpg,istp
istp5_face.jpg,istp
istp60_face.jpg,istp
istp66_face.jpg,istp
istp67_face.jpg,istp
istp68_face.jpg,istp
istp69_face.jpg,istp
istp6_face.jpg,istp
istp70_face.jpg,istp
istp71_face.jpg,istp
istp74_face.jpg,istp
istp75_face.jpg,istp
istp76_face.jpg,istp
istp77_face.jpg,istp
istp78_face.jpg,istp
istp79_face.jpg,istp
istp80_face.jpg,istp
istp82_face.jpg,istp
istp83_face.jpg,istp
istp84_face.jpg,istp
istp85_face.jpg,istp
istp86_face.jpg,istp
istp87_face.jpg,istp
istp89_face.jpg,istp
istp8_face.jpg,istp
istp92_face.jpg,istp
istp95_face.jpg,istp
istp96_face.jpg,istp
istp98_face.jpg,istp
istp99_face.jpg,istp
istp9_face.jpg,istp
